Subject,pc,sigma,lambda,theta,nLogLik,n_parameters,aic,optimizer,Timepoint,Treatment,x
control_0,pc1,0.23814860258939305,0.18659193019461418,-0.03510123893478141,-69.63718691116122,50,91.51340256128725,basinhopping,"[0.0, 1.0, 2.0, 3.0, 4.0, 5.0, 6.0, 7.0, 8.0, 9.0, 10.0, 11.0, 12.0, 13.0, 14.0, 15.0, 16.0, 17.0, 18.0, 19.0, 20.0, 21.0, 22.0, 23.0, 24.0, 25.0, 26.0, 27.0, 28.0, 29.0, 30.0, 31.0, 32.0, 33.0, 34.0, 35.0, 36.0, 37.0, 38.0, 39.0, 40.0, 41.0, 42.0, 43.0, 44.0, 45.0, 46.0, 47.0, 48.0, 49.0]","['control', 'control', 'control', 'control', 'control', 'control', 'control', 'control', 'control', 'control', 'control', 'control', 'control', 'control', 'control', 'control', 'control', 'control', 'control', 'control', 'control', 'control', 'control', 'control', 'control', 'control', 'control', 'control', 'control', 'control', 'control', 'control', 'control', 'control', 'control', 'control', 'control', 'control', 'control', 'control', 'control', 'control', 'control', 'control', 'control', 'control', 'control', 'control', 'control', 'control']","[-0.007073511496132068, -0.014531159226154066, -0.16499582605749258, -0.1006228392076539, -0.08726495424763198, -0.10510534191409616, -0.1459715889622229, -0.10577172937225437, -0.14934055885638153, -0.2533107482442796, -0.17804736673024923, -0.1820179225196037, -0.14857583119676768, -0.15372209730917724, -0.15159210582447785, -0.14453598963487063, -0.26921219250708806, -0.11239766139434862, -0.03949941595483007, 0.003247485385069894, 0.03728207529394776, 0.043565707468412665, 0.06859932802347025, 0.05379436083146849, -0.03846760378434905, -0.06394158209787953, -0.09717604650040171, -0.023627982308439724, -0.052615694395084796, -0.041050001194805605, -0.1361488908251304, -0.02899372411407891, -0.11388269128032416, -0.20877576734573658, -0.13665143770394356, -0.1461376217076762, -0.0665585715308228, 0.023834190512797435, -0.012800756686157246, 0.01544550938474316, 0.010274035640629085, 0.11795081054511819, 0.12017614919507952, 0.09350089704335575, 0.024521453322690456, 0.06519691017629978, 0.07138527007388903, 0.06006767942161008, 0.06305969296935234, 0.04940025926939731]"
control_0,pc2,0.2614697067802524,0.2949551122563092,0.01229821603660757,-60.669550098876904,50,91.78911614723684,basinhopping,"[0.0, 1.0, 2.0, 3.0, 4.0, 5.0, 6.0, 7.0, 8.0, 9.0, 10.0, 11.0, 12.0, 13.0, 14.0, 15.0, 16.0, 17.0, 18.0, 19.0, 20.0, 21.0, 22.0, 23.0, 24.0, 25.0, 26.0, 27.0, 28.0, 29.0, 30.0, 31.0, 32.0, 33.0, 34.0, 35.0, 36.0, 37.0, 38.0, 39.0, 40.0, 41.0, 42.0, 43.0, 44.0, 45.0, 46.0, 47.0, 48.0, 49.0]","['control', 'control', 'control', 'control', 'control', 'control', 'control', 'control', 'control', 'control', 'control', 'control', 'control', 'control', 'control', 'control', 'control', 'control', 'control', 'control', 'control', 'control', 'control', 'control', 'control', 'control', 'control', 'control', 'control', 'control', 'control', 'control', 'control', 'control', 'control', 'control', 'control', 'control', 'control', 'control', 'control', 'control', 'control', 'control', 'control', 'control', 'control', 'control', 'control', 'control']","[-0.005061994154934881, 0.02615550248454112, -0.029680041958689736, -0.010578195579503898, -0.002549755831297802, 0.029666329355390667, 0.034141639147685886, 0.10568918662299265, 0.008778861804213833, 0.026573198830886113, -0.17224845278775086, -0.039079595563645514, 0.007959109242144435, -0.1093965878652682, -0.1697880856341881, -0.16132017127116824, -0.07136635542473971, -0.02534127805235912, -0.14230496820301802, 0.027432710936329152, -0.016012705283421212, -0.017880251870758694, -0.027025963724628323, -0.07232234133553153, 0.011851739507980241, -0.06120800816950231, -0.099696139731038, -0.07714357674359582, 0.0006801514672965109, 0.11156973065277001, 0.009984905120940968, 0.053121294450747286, 0.0612706012738697, -0.01924010942883192, 0.005761458419218969, -0.012170437558005127, -0.013142492210162742, -0.0693397273014375, -0.006008823830924881, 0.04900371413161912, 0.059160566854647115, 0.18634951192702992, 0.2825956397630159, 0.21878422451841106, 0.19075947221208017, 0.18595239915228237, 0.13724458612051219, 0.025268369325347123, 0.04504331049657214, -0.01796402448140006]"
control_0,pc3,0.2504548575458365,0.28244672610077504,-0.06917233482387809,-64.8002669314995,50,91.65738055467398,basinhopping,"[0.0, 1.0, 2.0, 3.0, 4.0, 5.0, 6.0, 7.0, 8.0, 9.0, 10.0, 11.0, 12.0, 13.0, 14.0, 15.0, 16.0, 17.0, 18.0, 19.0, 20.0, 21.0, 22.0, 23.0, 24.0, 25.0, 26.0, 27.0, 28.0, 29.0, 30.0, 31.0, 32.0, 33.0, 34.0, 35.0, 36.0, 37.0, 38.0, 39.0, 40.0, 41.0, 42.0, 43.0, 44.0, 45.0, 46.0, 47.0, 48.0, 49.0]","['control', 'control', 'control', 'control', 'control', 'control', 'control', 'control', 'control', 'control', 'control', 'control', 'control', 'control', 'control', 'control', 'control', 'control', 'control', 'control', 'control', 'control', 'control', 'control', 'control', 'control', 'control', 'control', 'control', 'control', 'control', 'control', 'control', 'control', 'control', 'control', 'control', 'control', 'control', 'control', 'control', 'control', 'control', 'control', 'control', 'control', 'control', 'control', 'control', 'control']","[0.0021352214105573907, -0.038505504310941054, -0.036460284181751484, -0.09785872576886256, -0.08985177156461237, 0.006812551468210082, -0.09569540334042452, -0.044622336448472466, 0.044228018893231455, -0.0033939012768513105, 0.03282797305043834, 0.04834964870379373, 0.03892396782751445, -0.10242449669145273, -0.15272286603702007, -0.18395454395814378, -0.029837532799138727, -0.04220028703182083, -0.09077739266141621, -0.13260537375210119, -0.21272916935749975, -0.279340808433828, -0.24992436516723693, -0.3110053677567704, -0.13730689132609558, -0.12351951289067506, -0.10776138393994919, -0.07997258970120245, 0.011749980947103486, 0.06632103876412442, 0.03889152616575525, -0.03280404098581627, -0.06710159774991027, -0.05932340511272651, -0.06357359996418259, -0.12660637914160666, -0.08723121735582051, -0.0452239692530211, -0.008002294167565989, 0.0030259725506918134, -0.057049194263749756, -0.14428338270388086, -0.07090422280222348, -0.1982553262635055, -0.1290062817405394, -0.11086744608453986, -0.10155685934166037, 0.001589862695379543, 0.029265186798925764, 0.0779753803700578]"
control_1,pc1,0.2552280590956514,0.3012383621945702,0.044993913058979776,-62.98865115091508,50,91.71409086059475,basinhopping,"[0.0, 1.0, 2.0, 3.0, 4.0, 5.0, 6.0, 7.0, 8.0, 9.0, 10.0, 11.0, 12.0, 13.0, 14.0, 15.0, 16.0, 17.0, 18.0, 19.0, 20.0, 21.0, 22.0, 23.0, 24.0, 25.0, 26.0, 27.0, 28.0, 29.0, 30.0, 31.0, 32.0, 33.0, 34.0, 35.0, 36.0, 37.0, 38.0, 39.0, 40.0, 41.0, 42.0, 43.0, 44.0, 45.0, 46.0, 47.0, 48.0, 49.0]","['control', 'control', 'control', 'control', 'control', 'control', 'control', 'control', 'control', 'control', 'control', 'control', 'control', 'control', 'control', 'control', 'control', 'control', 'control', 'control', 'control', 'control', 'control', 'control', 'control', 'control', 'control', 'control', 'control', 'control', 'control', 'control', 'control', 'control', 'control', 'control', 'control', 'control', 'control', 'control', 'control', 'control', 'control', 'control', 'control', 'control', 'control', 'control', 'control', 'control']","[0.0019019401399918735, -0.02830514955092675, -0.03301077218448119, -0.1371014623990451, -0.08888482172740711, 0.027471634000420214, -0.061312987179154455, 0.052160367733261354, 0.1709201280726881, 0.11446332613664024, 0.05504249805454692, -0.08330190739018084, -0.05362963484539743, -0.12529794451127052, -0.07701876856305127, 0.019466484824157804, 0.11658923975272402, 0.09696368153658774, 0.1523440933139409, 0.1348457568421575, -0.032229262705807116, 0.04976912239535698, 0.11374458524088012, 0.12816043580974332, 0.05957688787830134, 0.0517937363459552, 0.15043711415883038, 0.11751896142418966, 0.14785966759357994, 0.1062399538037156, 0.17380402264614386, 0.07775803820666141, 0.06621049342074045, -0.046209753793340066, -0.04967080814841333, -0.07118596936751467, -0.12582137030143473, -0.05949049117945829, -0.03304897198082969, -0.0205438051639433, -0.003673537453797577, -0.016038004907613267, -0.029727917181971347, 0.07385157450190293, 0.08860390811550102, 0.09373083042542665, 0.03458532805144883, 0.11062957327545668, 0.18107657171201008, 0.15969358663092506]"
control_1,pc2,0.24562500719191077,0.26386511112548416,-0.01655095760336356,-66.67012463086748,50,91.60048610800447,basinhopping,"[0.0, 1.0, 2.0, 3.0, 4.0, 5.0, 6.0, 7.0, 8.0, 9.0, 10.0, 11.0, 12.0, 13.0, 14.0, 15.0, 16.0, 17.0, 18.0, 19.0, 20.0, 21.0, 22.0, 23.0, 24.0, 25.0, 26.0, 27.0, 28.0, 29.0, 30.0, 31.0, 32.0, 33.0, 34.0, 35.0, 36.0, 37.0, 38.0, 39.0, 40.0, 41.0, 42.0, 43.0, 44.0, 45.0, 46.0, 47.0, 48.0, 49.0]","['control', 'control', 'control', 'control', 'control', 'control', 'control', 'control', 'control', 'control', 'control', 'control', 'control', 'control', 'control', 'control', 'control', 'control', 'control', 'control', 'control', 'control', 'control', 'control', 'control', 'control', 'control', 'control', 'control', 'control', 'control', 'control', 'control', 'control', 'control', 'control', 'control', 'control', 'control', 'control', 'control', 'control', 'control', 'control', 'control', 'control', 'control', 'control', 'control', 'control']","[-0.006501598744003705, -0.08307168887024595, -0.11696964773533883, -0.05782637010645965, -0.11325955324624229, -0.09029585372205344, -0.13557502581152275, -0.12459980283735585, -0.11934039893362064, -0.09356372373582247, -0.05975244040664775, -0.07115362357096046, -0.03490111203263534, -0.11398022096020041, -0.04228922473597432, 0.023222290245068458, 0.031962709607348525, -0.023890380037463792, 0.05105736629713673, 0.012678818182928604, 0.00587474608931816, 0.03407581858493922, 0.08294324060072181, 0.07647317727611064, 0.00010000373532852158, -0.09167555575461776, -0.0778145288890925, -0.07194042375177451, -0.008775756648717437, -0.004199191738613367, -0.026820433463954324, 0.03712313405441389, -0.010051573309691163, -0.12423016642379375, -0.07414618855994101, 0.00816232357091283, 0.22449002839616766, 0.12836519613773076, 0.1550924166991705, 0.16768239083574696, 0.162958879236177, 0.06283869138656203, 0.07416051923180772, 0.03705534701881227, 0.06199731064996297, 0.003721882977904635, -0.12526219138307973, -0.16673134579221624, -0.051148584105740205, -0.09313328893165204]"
control_1,pc3,0.2622362254509992,0.268651014051046,-0.015162454377986502,-60.38833702729957,50,91.79840801855818,basinhopping,"[0.0, 1.0, 2.0, 3.0, 4.0, 5.0, 6.0, 7.0, 8.0, 9.0, 10.0, 11.0, 12.0, 13.0, 14.0, 15.0, 16.0, 17.0, 18.0, 19.0, 20.0, 21.0, 22.0, 23.0, 24.0, 25.0, 26.0, 27.0, 28.0, 29.0, 30.0, 31.0, 32.0, 33.0, 34.0, 35.0, 36.0, 37.0, 38.0, 39.0, 40.0, 41.0, 42.0, 43.0, 44.0, 45.0, 46.0, 47.0, 48.0, 49.0]","['control', 'control', 'control', 'control', 'control', 'control', 'control', 'control', 'control', 'control', 'control', 'control', 'control', 'control', 'control', 'control', 'control', 'control', 'control', 'control', 'control', 'control', 'control', 'control', 'control', 'control', 'control', 'control', 'control', 'control', 'control', 'control', 'control', 'control', 'control', 'control', 'control', 'control', 'control', 'control', 'control', 'control', 'control', 'control', 'control', 'control', 'control', 'control', 'control', 'control']","[-0.005003565839705098, 0.029856422460567134, 0.0648816168851486, 0.08190869096270909, 0.22653172221511522, 0.21565552737459862, 0.13824942651476466, 0.1930290941671048, 0.1541265719313221, -0.02266469195295262, -0.010280244523643423, 0.10298834276342521, 0.07992189422056234, 0.027864382164524637, 0.1075771831534183, 0.07322320651114389, -0.05561426593211974, -0.1050341738369064, -0.15547591903062152, -0.18421181138816273, -0.18007752563434787, -0.0687454861630655, -0.08901333882144313, 0.04499417700124367, 0.09009024056866438, -0.012376226321956452, 0.04324603954223527, -0.02067154451694528, -0.02439373530391298, -0.1465729891343771, -0.04188097370737619, -0.14175179253614614, -0.038870011764764706, 0.030597706603037303, -0.10600379566774461, -0.11496155584547825, -0.04250571858615361, 0.0044127503943517665, -0.03690653983293574, -0.008661500359241348, 0.02331039715100669, -0.004624207091602162, -0.05022918648933856, -0.12018719501914404, -0.07742715965501039, -0.1119335064054762, -0.12465023858560625, -0.14084226599351166, -0.07148758212490333, -0.0015089738966096028]"
control_2,pc1,0.25960196434487826,0.3540973223726893,-0.03939671588141542,-61.357405162409734,50,91.76656826516681,basinhopping,"[0.0, 1.0, 2.0, 3.0, 4.0, 5.0, 6.0, 7.0, 8.0, 9.0, 10.0, 11.0, 12.0, 13.0, 14.0, 15.0, 16.0, 17.0, 18.0, 19.0, 20.0, 21.0, 22.0, 23.0, 24.0, 25.0, 26.0, 27.0, 28.0, 29.0, 30.0, 31.0, 32.0, 33.0, 34.0, 35.0, 36.0, 37.0, 38.0, 39.0, 40.0, 41.0, 42.0, 43.0, 44.0, 45.0, 46.0, 47.0, 48.0, 49.0]","['control', 'control', 'control', 'control', 'control', 'control', 'control', 'control', 'control', 'control', 'control', 'control', 'control', 'control', 'control', 'control', 'control', 'control', 'control', 'control', 'control', 'control', 'control', 'control', 'control', 'control', 'control', 'control', 'control', 'control', 'control', 'control', 'control', 'control', 'control', 'control', 'control', 'control', 'control', 'control', 'control', 'control', 'control', 'control', 'control', 'control', 'control', 'control', 'control', 'control']","[0.00216493582682415, -0.15909249224065042, -0.20068712331368976, -0.20175198172459158, -0.1568089038813677, -0.1746864447228197, -0.2050232831635015, -0.1351240341339945, -0.11791634057419824, -0.15341916071272096, -0.08450336012815768, 0.012092628198693833, -0.04169493070779786, -0.08869102635267312, -0.06917227698873843, 0.036304265819495224, 0.17509087152318212, 0.042536940736189494, 0.03606878237536016, -0.06498413496727024, -0.06286630071973216, -0.04818268816618652, -0.010041402142921346, 0.0034938549037559635, 0.001375800484855453, 0.08063112834268077, 0.024739374973658537, 0.01141776904799242, -0.055328038189725176, -0.08106741810329607, -0.029711298983426185, 0.15869555878186542, 0.10061560172840606, 0.01521747168503336, 0.04513007631350324, -0.09201413083321094, -0.2249695485639551, -0.08113463092979065, 0.028004113804520975, 0.07074752695900499, 0.07827060494225835, 0.01042301033973704, -0.0043777177016024425, -0.0020081345711639607, -0.05776484049502798, -0.04884030614157985, -0.06220603260511751, -0.02587165734349091, -0.03396376555426335, -0.11349531824779693]"
control_2,pc2,0.23643009799094827,0.24068288229853546,0.0576969953928876,-70.33190440057835,50,91.49354894395577,basinhopping,"[0.0, 1.0, 2.0, 3.0, 4.0, 5.0, 6.0, 7.0, 8.0, 9.0, 10.0, 11.0, 12.0, 13.0, 14.0, 15.0, 16.0, 17.0, 18.0, 19.0, 20.0, 21.0, 22.0, 23.0, 24.0, 25.0, 26.0, 27.0, 28.0, 29.0, 30.0, 31.0, 32.0, 33.0, 34.0, 35.0, 36.0, 37.0, 38.0, 39.0, 40.0, 41.0, 42.0, 43.0, 44.0, 45.0, 46.0, 47.0, 48.0, 49.0]","['control', 'control', 'control', 'control', 'control', 'control', 'control', 'control', 'control', 'control', 'control', 'control', 'control', 'control', 'control', 'control', 'control', 'control', 'control', 'control', 'control', 'control', 'control', 'control', 'control', 'control', 'control', 'control', 'control', 'control', 'control', 'control', 'control', 'control', 'control', 'control', 'control', 'control', 'control', 'control', 'control', 'control', 'control', 'control', 'control', 'control', 'control', 'control', 'control', 'control']","[0.007389725632032558, -0.007516271791296977, -0.07440104952085987, 0.019038457391091765, -0.014962285000309217, 0.0026119220753960115, -0.027869338793749705, -0.09731512386106439, -0.06452920333122752, -0.10606447349059958, -0.08031523764598159, -0.0570594577979005, -0.11535600459368711, 0.010028857923887385, 0.013624236929682332, -0.03162559284665671, -0.01135668996091108, 0.07522073462190158, 0.02155101477363757, 0.023073866649949672, -0.012516343355425067, -0.005213304335367775, -0.03237920378470767, 0.03692812413388932, 0.006070843074872767, 0.027899600155443616, 0.005096680742219278, 0.06247252784298956, 0.04545075377943573, 0.17304860732640004, 0.14447331690267112, 0.1708040644244103, 0.08648286163998628, 0.02799503994119147, 0.0056961398273140396, -0.0017395479816537376, 0.05767037616663197, 0.034138216370042655, 0.021736099527957232, 0.10780596559154398, 0.14351136933705855, 0.2224612296168534, 0.08233226869872073, 0.20175907719421282, 0.17837837062369596, 0.20691091233879944, 0.14578631870716433, 0.04360626584111006, 0.11388372677771597, 0.17568369450646792]"
control_2,pc3,0.2553086748545848,0.3463046549090617,0.06232323295625745,-62.957623384884485,50,91.71507628923955,basinhopping,"[0.0, 1.0, 2.0, 3.0, 4.0, 5.0, 6.0, 7.0, 8.0, 9.0, 10.0, 11.0, 12.0, 13.0, 14.0, 15.0, 16.0, 17.0, 18.0, 19.0, 20.0, 21.0, 22.0, 23.0, 24.0, 25.0, 26.0, 27.0, 28.0, 29.0, 30.0, 31.0, 32.0, 33.0, 34.0, 35.0, 36.0, 37.0, 38.0, 39.0, 40.0, 41.0, 42.0, 43.0, 44.0, 45.0, 46.0, 47.0, 48.0, 49.0]","['control', 'control', 'control', 'control', 'control', 'control', 'control', 'control', 'control', 'control', 'control', 'control', 'control', 'control', 'control', 'control', 'control', 'control', 'control', 'control', 'control', 'control', 'control', 'control', 'control', 'control', 'control', 'control', 'control', 'control', 'control', 'control', 'control', 'control', 'control', 'control', 'control', 'control', 'control', 'control', 'control', 'control', 'control', 'control', 'control', 'control', 'control', 'control', 'control', 'control']","[0.009280421705913493, -0.10202771723272262, -0.07877454670446332, -0.04422244025190923, 0.01977353050089503, 0.15789325903424592, 0.08261955974666785, 0.09090284841541278, 0.05256258127633799, 0.04140089009639366, 0.01746156786830642, 0.09999686242853556, 0.1112971327825054, 0.06839807842391746, 0.10386898137820955, -0.018742110311245036, 0.043895978739367986, 0.13229984085038332, 0.1785798327417274, 0.041184707664057074, -0.06826468876461106, -0.00790140720871347, -0.02683364295015783, 0.10658018611228076, 0.15607887397635878, 0.05857479262202099, 0.04870198126118629, 0.07706093272030012, 0.009000407804040794, 0.14475138326200102, 0.08702786400663202, 0.1365773787528531, 0.13809927115174547, 0.1308106658165427, 0.11211377016697488, 0.1095063592499779, 0.1508687820739636, 0.1300055722600419, 0.09906609463641321, 0.1663799788421729, 0.14984299002925788, 0.12064585835619926, 0.18113534995645325, 0.12436531187520149, 0.19009707180692587, 0.05312882131903929, -0.09178681908400221, -0.1100864014400034, -0.08529089941190074, -0.10888090379037851]"
destabilizing_treatment_0,pc1,0.2547721480910684,0.2543420678308024,0.03486930912437092,-63.15936167230232,50,91.70867783436393,basinhopping,"[0.0, 1.0, 2.0, 3.0, 4.0, 5.0, 6.0, 7.0, 8.0, 9.0, 10.0, 11.0, 12.0, 13.0, 14.0, 15.0, 16.0, 17.0, 18.0, 19.0, 20.0, 21.0, 22.0, 23.0, 24.0, 25.0, 26.0, 27.0, 28.0, 29.0, 30.0, 31.0, 32.0, 33.0, 34.0, 35.0, 36.0, 37.0, 38.0, 39.0, 40.0, 41.0, 42.0, 43.0, 44.0, 45.0, 46.0, 47.0, 48.0, 49.0]","['destabilizing_treatment', 'destabilizing_treatment', 'destabilizing_treatment', 'destabilizing_treatment', 'destabilizing_treatment', 'destabilizing_treatment', 'destabilizing_treatment', 'destabilizing_treatment', 'destabilizing_treatment', 'destabilizing_treatment', 'destabilizing_treatment', 'destabilizing_treatment', 'destabilizing_treatment', 'destabilizing_treatment', 'destabilizing_treatment', 'destabilizing_treatment', 'destabilizing_treatment', 'destabilizing_treatment', 'destabilizing_treatment', 'destabilizing_treatment', 'destabilizing_treatment', 'destabilizing_treatment', 'destabilizing_treatment', 'destabilizing_treatment', 'destabilizing_treatment', 'destabilizing_treatment', 'destabilizing_treatment', 'destabilizing_treatment', 'destabilizing_treatment', 'destabilizing_treatment', 'destabilizing_treatment', 'destabilizing_treatment', 'destabilizing_treatment', 'destabilizing_treatment', 'destabilizing_treatment', 'destabilizing_treatment', 'destabilizing_treatment', 'destabilizing_treatment', 'destabilizing_treatment', 'destabilizing_treatment', 'destabilizing_treatment', 'destabilizing_treatment', 'destabilizing_treatment', 'destabilizing_treatment', 'destabilizing_treatment', 'destabilizing_treatment', 'destabilizing_treatment', 'destabilizing_treatment', 'destabilizing_treatment', 'destabilizing_treatment']","[-0.001997492954703215, -0.07640326604032562, -0.050640640052875024, 0.024266658591496224, 0.018927896694441674, 0.03400638716880987, 0.06536027703862375, -0.061425621728863775, 0.030544081456663347, 0.01557774746574161, 0.089673453923626, 0.21231150770712964, 0.2025867959152428, 0.10845278309251097, -0.02121816516578559, 0.023204080594387375, -0.05191899143364902, -0.0341373056673561, 0.054820981896195296, 0.09363119492279914, 0.09811501787606244, 0.12108346751146483, 0.19354749305684454, 0.17557999530634358, 0.16369181134006497, 0.0994400430332178, 0.13835310303950646, 0.0777261210904163, 0.04960939339797128, 0.127790192047642, 0.07607357522171544, 0.05520210627975902, 0.06818610790126291, 0.024039217337208457, 0.07735958905151434, 0.1927525144595797, 0.17843590543612634, 0.013792725863444238, 0.027856084501210625, -0.04283551029043849, -0.08507531674646468, -0.008782963173531846, -0.020684175032676243, 0.003451653538556858, 0.030895824677336262, 0.05691763508182487, 0.08070673146791336, -0.08782048660730092, -0.18159023620612402, -0.17517864535782748]"
destabilizing_treatment_0,pc2,0.25976451504613957,0.1653210245755245,0.3123121912373036,-61.29584409894879,50,91.76857591091614,basinhopping,"[0.0, 1.0, 2.0, 3.0, 4.0, 5.0, 6.0, 7.0, 8.0, 9.0, 10.0, 11.0, 12.0, 13.0, 14.0, 15.0, 16.0, 17.0, 18.0, 19.0, 20.0, 21.0, 22.0, 23.0, 24.0, 25.0, 26.0, 27.0, 28.0, 29.0, 30.0, 31.0, 32.0, 33.0, 34.0, 35.0, 36.0, 37.0, 38.0, 39.0, 40.0, 41.0, 42.0, 43.0, 44.0, 45.0, 46.0, 47.0, 48.0, 49.0]","['destabilizing_treatment', 'destabilizing_treatment', 'destabilizing_treatment', 'destabilizing_treatment', 'destabilizing_treatment', 'destabilizing_treatment', 'destabilizing_treatment', 'destabilizing_treatment', 'destabilizing_treatment', 'destabilizing_treatment', 'destabilizing_treatment', 'destabilizing_treatment', 'destabilizing_treatment', 'destabilizing_treatment', 'destabilizing_treatment', 'destabilizing_treatment', 'destabilizing_treatment', 'destabilizing_treatment', 'destabilizing_treatment', 'destabilizing_treatment', 'destabilizing_treatment', 'destabilizing_treatment', 'destabilizing_treatment', 'destabilizing_treatment', 'destabilizing_treatment', 'destabilizing_treatment', 'destabilizing_treatment', 'destabilizing_treatment', 'destabilizing_treatment', 'destabilizing_treatment', 'destabilizing_treatment', 'destabilizing_treatment', 'destabilizing_treatment', 'destabilizing_treatment', 'destabilizing_treatment', 'destabilizing_treatment', 'destabilizing_treatment', 'destabilizing_treatment', 'destabilizing_treatment', 'destabilizing_treatment', 'destabilizing_treatment', 'destabilizing_treatment', 'destabilizing_treatment', 'destabilizing_treatment', 'destabilizing_treatment', 'destabilizing_treatment', 'destabilizing_treatment', 'destabilizing_treatment', 'destabilizing_treatment', 'destabilizing_treatment']","[0.0012130474895015485, 0.08011382020818163, 0.03061822121132962, 0.20530380177688445, 0.1612155104344391, 0.09088467285526218, 0.057143413481744024, 0.014693514610644123, 0.15633277110098515, 0.1102224028361614, 0.04743745356623859, -0.11058087575088325, 0.0427054214113526, 0.04836780037639584, 0.16253158670027096, 0.19297547047047128, 0.19905616899471118, 0.28734157711508723, 0.25820272504151126, 0.3189695585548696, 0.3089259885120109, 0.2782984913906931, 0.2378808367788977, 0.22832901655518437, 0.34630552167993217, 0.3078346465236986, 0.388193357217078, 0.3832826784642779, 0.3857454961750385, 0.3537825638487234, 0.2904290417327604, 0.2995315904087039, 0.3600646908591658, 0.3961785852609031, 0.47083190416100634, 0.4351403964299775, 0.3347956754483595, 0.32100028272597575, 0.3296765430103514, 0.3025325427310328, 0.32721903779792333, 0.3044418429390432, 0.4586452647127808, 0.43461100534539604, 0.3953032596808266, 0.44380867692742076, 0.46953148341205914, 0.4822636199125848, 0.34573129296467775, 0.3313246001560769]"
destabilizing_treatment_0,pc3,0.24988154829369255,0.1256706394966538,-0.07008135082507398,-65.02072283110171,50,91.65058793625636,basinhopping,"[0.0, 1.0, 2.0, 3.0, 4.0, 5.0, 6.0, 7.0, 8.0, 9.0, 10.0, 11.0, 12.0, 13.0, 14.0, 15.0, 16.0, 17.0, 18.0, 19.0, 20.0, 21.0, 22.0, 23.0, 24.0, 25.0, 26.0, 27.0, 28.0, 29.0, 30.0, 31.0, 32.0, 33.0, 34.0, 35.0, 36.0, 37.0, 38.0, 39.0, 40.0, 41.0, 42.0, 43.0, 44.0, 45.0, 46.0, 47.0, 48.0, 49.0]","['destabilizing_treatment', 'destabilizing_treatment', 'destabilizing_treatment', 'destabilizing_treatment', 'destabilizing_treatment', 'destabilizing_treatment', 'destabilizing_treatment', 'destabilizing_treatment', 'destabilizing_treatment', 'destabilizing_treatment', 'destabilizing_treatment', 'destabilizing_treatment', 'destabilizing_treatment', 'destabilizing_treatment', 'destabilizing_treatment', 'destabilizing_treatment', 'destabilizing_treatment', 'destabilizing_treatment', 'destabilizing_treatment', 'destabilizing_treatment', 'destabilizing_treatment', 'destabilizing_treatment', 'destabilizing_treatment', 'destabilizing_treatment', 'destabilizing_treatment', 'destabilizing_treatment', 'destabilizing_treatment', 'destabilizing_treatment', 'destabilizing_treatment', 'destabilizing_treatment', 'destabilizing_treatment', 'destabilizing_treatment', 'destabilizing_treatment', 'destabilizing_treatment', 'destabilizing_treatment', 'destabilizing_treatment', 'destabilizing_treatment', 'destabilizing_treatment', 'destabilizing_treatment', 'destabilizing_treatment', 'destabilizing_treatment', 'destabilizing_treatment', 'destabilizing_treatment', 'destabilizing_treatment', 'destabilizing_treatment', 'destabilizing_treatment', 'destabilizing_treatment', 'destabilizing_treatment', 'destabilizing_treatment', 'destabilizing_treatment']","[-0.006484103023262102, -0.014136989891862522, -0.14266480741085819, -0.04851412701906192, -0.11258076471843506, -0.10268077027997627, -0.13550983042168968, -0.14934792297583238, -0.1530385271805627, -0.11949185417343805, -0.07478097671633807, -0.03135729365832036, 0.09696887366265858, 0.008785918946414575, -0.011476224776262221, -0.08229013992919074, -0.12376795374672778, -0.1660268200116668, -0.07435246305517686, -0.14310374949347607, -0.13059070255898325, -0.1746072877745603, -0.09771787363674908, -0.019123450110939882, -0.015234033634400734, 0.08271633777903586, 0.07766598726334016, 0.11360313116310722, 0.1893263749542859, 0.193608628030631, 0.21248854579318588, 0.1165296968220467, 0.060290733124537615, 0.08161985840851575, 0.002166395917243852, 0.007720864961839169, -0.0758237155679562, -0.13910897322673782, -0.2623412767917728, -0.2521255397829333, -0.34973379016999995, -0.31292607667832056, -0.30544293398177735, -0.20775147654391382, -0.12809198206147157, -0.212679405970861, -0.08673349298728855, -0.12208229362188247, -0.07027498861226184, -0.13103891852455415]"
destabilizing_treatment_1,pc1,0.22863260691566573,0.04049339944322425,-0.3986170432731587,-73.55237672995337,50,91.40400447799068,basinhopping,"[0.0, 1.0, 2.0, 3.0, 4.0, 5.0, 6.0, 7.0, 8.0, 9.0, 10.0, 11.0, 12.0, 13.0, 14.0, 15.0, 16.0, 17.0, 18.0, 19.0, 20.0, 21.0, 22.0, 23.0, 24.0, 25.0, 26.0, 27.0, 28.0, 29.0, 30.0, 31.0, 32.0, 33.0, 34.0, 35.0, 36.0, 37.0, 38.0, 39.0, 40.0, 41.0, 42.0, 43.0, 44.0, 45.0, 46.0, 47.0, 48.0, 49.0]","['destabilizing_treatment', 'destabilizing_treatment', 'destabilizing_treatment', 'destabilizing_treatment', 'destabilizing_treatment', 'destabilizing_treatment', 'destabilizing_treatment', 'destabilizing_treatment', 'destabilizing_treatment', 'destabilizing_treatment', 'destabilizing_treatment', 'destabilizing_treatment', 'destabilizing_treatment', 'destabilizing_treatment', 'destabilizing_treatment', 'destabilizing_treatment', 'destabilizing_treatment', 'destabilizing_treatment', 'destabilizing_treatment', 'destabilizing_treatment', 'destabilizing_treatment', 'destabilizing_treatment', 'destabilizing_treatment', 'destabilizing_treatment', 'destabilizing_treatment', 'destabilizing_treatment', 'destabilizing_treatment', 'destabilizing_treatment', 'destabilizing_treatment', 'destabilizing_treatment', 'destabilizing_treatment', 'destabilizing_treatment', 'destabilizing_treatment', 'destabilizing_treatment', 'destabilizing_treatment', 'destabilizing_treatment', 'destabilizing_treatment', 'destabilizing_treatment', 'destabilizing_treatment', 'destabilizing_treatment', 'destabilizing_treatment', 'destabilizing_treatment', 'destabilizing_treatment', 'destabilizing_treatment', 'destabilizing_treatment', 'destabilizing_treatment', 'destabilizing_treatment', 'destabilizing_treatment', 'destabilizing_treatment', 'destabilizing_treatment']","[0.0009040594322439244, 0.07411552225620438, 0.08713425062183759, 0.08379743808346443, 0.02703238507313281, 0.05570956252310092, 0.051786595136060064, 0.014958434091312311, -0.042126606308117744, 0.0038073012650447213, -0.07150803954890902, 0.02750138678887748, 0.09655793271920265, 0.0385945844809597, 0.08853757157340432, 0.028483809088197372, 0.007457477583245872, -0.02114064129048439, -0.05846421976677145, -0.055610996821890496, -0.2264317232244033, -0.2940571449029902, -0.2481603545297769, -0.20190979638427609, -0.24204818587954222, -0.2694976158496659, -0.31859165828217667, -0.3242599313651243, -0.2782755499326033, -0.29729988970058024, -0.2842428950821947, -0.2559755173778275, -0.24845905271880386, -0.27086208032421644, -0.2466977691651112, -0.3065113816981003, -0.21571769072406266, -0.22353996789729558, -0.21986981391265448, -0.25408018301989954, -0.21636510548002696, -0.35171903533533977, -0.3810681270227952, -0.3368784987421576, -0.3483239314812045, -0.4041145256582312, -0.43340239448491225, -0.4036313059722206, -0.43308669627045787, -0.42998688993544126]"
destabilizing_treatment_1,pc2,0.24521935882177465,0.016208880414305182,-1.1258105148290725,-66.8286877570013,50,91.59573510841543,basinhopping,"[0.0, 1.0, 2.0, 3.0, 4.0, 5.0, 6.0, 7.0, 8.0, 9.0, 10.0, 11.0, 12.0, 13.0, 14.0, 15.0, 16.0, 17.0, 18.0, 19.0, 20.0, 21.0, 22.0, 23.0, 24.0, 25.0, 26.0, 27.0, 28.0, 29.0, 30.0, 31.0, 32.0, 33.0, 34.0, 35.0, 36.0, 37.0, 38.0, 39.0, 40.0, 41.0, 42.0, 43.0, 44.0, 45.0, 46.0, 47.0, 48.0, 49.0]","['destabilizing_treatment', 'destabilizing_treatment', 'destabilizing_treatment', 'destabilizing_treatment', 'destabilizing_treatment', 'destabilizing_treatment', 'destabilizing_treatment', 'destabilizing_treatment', 'destabilizing_treatment', 'destabilizing_treatment', 'destabilizing_treatment', 'destabilizing_treatment', 'destabilizing_treatment', 'destabilizing_treatment', 'destabilizing_treatment', 'destabilizing_treatment', 'destabilizing_treatment', 'destabilizing_treatment', 'destabilizing_treatment', 'destabilizing_treatment', 'destabilizing_treatment', 'destabilizing_treatment', 'destabilizing_treatment', 'destabilizing_treatment', 'destabilizing_treatment', 'destabilizing_treatment', 'destabilizing_treatment', 'destabilizing_treatment', 'destabilizing_treatment', 'destabilizing_treatment', 'destabilizing_treatment', 'destabilizing_treatment', 'destabilizing_treatment', 'destabilizing_treatment', 'destabilizing_treatment', 'destabilizing_treatment', 'destabilizing_treatment', 'destabilizing_treatment', 'destabilizing_treatment', 'destabilizing_treatment', 'destabilizing_treatment', 'destabilizing_treatment', 'destabilizing_treatment', 'destabilizing_treatment', 'destabilizing_treatment', 'destabilizing_treatment', 'destabilizing_treatment', 'destabilizing_treatment', 'destabilizing_treatment', 'destabilizing_treatment']","[0.007600502442531443, -0.012911418658850503, -0.005640261174909917, -0.012248915858462654, -0.02867784085775306, -0.0307694690941819, -0.0011217965834787666, 0.021039524401004223, -0.0197183180550751, 0.03957585338712599, -0.01863405793894416, 0.015568222325273717, 0.04205086926999854, 0.12080263355485546, 0.009585388718680782, -0.07199452688117632, -0.10800048026108315, -0.0051886975757813175, 0.009558651098321276, 0.059896407535002284, -0.10459238722880304, -0.11399706097427248, -0.10032829426360576, -0.04941433564746319, -0.14779126589652175, -0.1540476640515813, -0.18175708533541987, -0.26201716319283025, -0.3332112364398241, -0.4773281935422178, -0.520047358996776, -0.5437561491253224, -0.568086047915422, -0.5919914749951531, -0.628705305372751, -0.5577125985542835, -0.5472332592966065, -0.5437531447489318, -0.5839397081346532, -0.6019901572485531, -0.6521715509848193, -0.6481372400453962, -0.5969219681692802, -0.6714341788513558, -0.5672586188379533, -0.4776665315495942, -0.5143798805272484, -0.4903419528344276, -0.5428200418549283, -0.6543886948373697]"
destabilizing_treatment_1,pc3,0.22640803205971172,0.07976461395646231,0.2851965817847113,-74.49091532885276,50,91.3786456478892,basinhopping,"[0.0, 1.0, 2.0, 3.0, 4.0, 5.0, 6.0, 7.0, 8.0, 9.0, 10.0, 11.0, 12.0, 13.0, 14.0, 15.0, 16.0, 17.0, 18.0, 19.0, 20.0, 21.0, 22.0, 23.0, 24.0, 25.0, 26.0, 27.0, 28.0, 29.0, 30.0, 31.0, 32.0, 33.0, 34.0, 35.0, 36.0, 37.0, 38.0, 39.0, 40.0, 41.0, 42.0, 43.0, 44.0, 45.0, 46.0, 47.0, 48.0, 49.0]","['destabilizing_treatment', 'destabilizing_treatment', 'destabilizing_treatment', 'destabilizing_treatment', 'destabilizing_treatment', 'destabilizing_treatment', 'destabilizing_treatment', 'destabilizing_treatment', 'destabilizing_treatment', 'destabilizing_treatment', 'destabilizing_treatment', 'destabilizing_treatment', 'destabilizing_treatment', 'destabilizing_treatment', 'destabilizing_treatment', 'destabilizing_treatment', 'destabilizing_treatment', 'destabilizing_treatment', 'destabilizing_treatment', 'destabilizing_treatment', 'destabilizing_treatment', 'destabilizing_treatment', 'destabilizing_treatment', 'destabilizing_treatment', 'destabilizing_treatment', 'destabilizing_treatment', 'destabilizing_treatment', 'destabilizing_treatment', 'destabilizing_treatment', 'destabilizing_treatment', 'destabilizing_treatment', 'destabilizing_treatment', 'destabilizing_treatment', 'destabilizing_treatment', 'destabilizing_treatment', 'destabilizing_treatment', 'destabilizing_treatment', 'destabilizing_treatment', 'destabilizing_treatment', 'destabilizing_treatment', 'destabilizing_treatment', 'destabilizing_treatment', 'destabilizing_treatment', 'destabilizing_treatment', 'destabilizing_treatment', 'destabilizing_treatment', 'destabilizing_treatment', 'destabilizing_treatment', 'destabilizing_treatment', 'destabilizing_treatment']","[-0.006251111592059069, 0.030501025347265644, 0.04680536545810754, -0.03938903935910658, -0.021132214932305875, 0.016787075446653345, 0.06664290510217741, 0.03500124830727331, 0.07044949949087424, 0.05263707224406052, 0.04080994269746465, 0.03763560868340839, 0.05614090069365604, -0.0073845456628323924, 0.07022296252406016, 0.018508786097373463, 0.025452024699695344, 0.12748707190782213, 0.14834398132057064, 0.13203696621310984, 0.25069341447612115, 0.34178627203242806, 0.2716802434085626, 0.24572164426582885, 0.23422279912801724, 0.18445496103855769, 0.2067969600172379, 0.13332931564573547, 0.19334332890972852, 0.17182726847437846, 0.27964818723161056, 0.27303161092110917, 0.302929447779681, 0.34425854605447415, 0.31114273975285994, 0.35771573778797616, 0.3992740321786031, 0.4473058631111718, 0.4034265587298813, 0.3406157735245857, 0.37630907198164115, 0.3142091874833841, 0.36898857105661986, 0.3246616538578066, 0.38978371803378187, 0.32409913491848735, 0.2608813487768894, 0.25856488521206594, 0.30488664060108767, 0.34533139224656045]"
destabilizing_treatment_2,pc1,0.23456026398664698,0.046988992929414435,0.26712227719388293,-71.09479932539547,50,91.47197162356355,basinhopping,"[0.0, 1.0, 2.0, 3.0, 4.0, 5.0, 6.0, 7.0, 8.0, 9.0, 10.0, 11.0, 12.0, 13.0, 14.0, 15.0, 16.0, 17.0, 18.0, 19.0, 20.0, 21.0, 22.0, 23.0, 24.0, 25.0, 26.0, 27.0, 28.0, 29.0, 30.0, 31.0, 32.0, 33.0, 34.0, 35.0, 36.0, 37.0, 38.0, 39.0, 40.0, 41.0, 42.0, 43.0, 44.0, 45.0, 46.0, 47.0, 48.0, 49.0]","['destabilizing_treatment', 'destabilizing_treatment', 'destabilizing_treatment', 'destabilizing_treatment', 'destabilizing_treatment', 'destabilizing_treatment', 'destabilizing_treatment', 'destabilizing_treatment', 'destabilizing_treatment', 'destabilizing_treatment', 'destabilizing_treatment', 'destabilizing_treatment', 'destabilizing_treatment', 'destabilizing_treatment', 'destabilizing_treatment', 'destabilizing_treatment', 'destabilizing_treatment', 'destabilizing_treatment', 'destabilizing_treatment', 'destabilizing_treatment', 'destabilizing_treatment', 'destabilizing_treatment', 'destabilizing_treatment', 'destabilizing_treatment', 'destabilizing_treatment', 'destabilizing_treatment', 'destabilizing_treatment', 'destabilizing_treatment', 'destabilizing_treatment', 'destabilizing_treatment', 'destabilizing_treatment', 'destabilizing_treatment', 'destabilizing_treatment', 'destabilizing_treatment', 'destabilizing_treatment', 'destabilizing_treatment', 'destabilizing_treatment', 'destabilizing_treatment', 'destabilizing_treatment', 'destabilizing_treatment', 'destabilizing_treatment', 'destabilizing_treatment', 'destabilizing_treatment', 'destabilizing_treatment', 'destabilizing_treatment', 'destabilizing_treatment', 'destabilizing_treatment', 'destabilizing_treatment', 'destabilizing_treatment', 'destabilizing_treatment']","[-0.006253512060889064, -0.07707841720071801, -0.10187045351621983, -0.08530105921346967, -0.16546994171211485, -0.23138815782560068, -0.23210513860279075, -0.14880672354513896, -0.19474144480234576, -0.21549782333723205, -0.19437048606779228, -0.11906431117604836, -0.05872569125983569, -0.047054564784657624, -0.030318061259294843, 0.0625142844187454, 0.18420317838279937, 0.2396804621640271, 0.1879530103064918, 0.12596050643767426, 0.12499741402468043, 0.11826642210421569, 0.1408390282983742, 0.15070832737449352, 0.20665315904201187, 0.15606705857066414, 0.21275395712162493, 0.17599892590453153, 0.1212580097122566, 0.2186308914344892, 0.24117619499034693, 0.299567040545656, 0.3530590511731559, 0.2772203299716936, 0.2907714091485219, 0.34456603239063194, 0.3328519057754749, 0.3376663209659858, 0.3368714691144466, 0.284261073383825, 0.29400800359670526, 0.33045421564948174, 0.3324851672997642, 0.30156625079764454, 0.370972882430821, 0.32158264398900854, 0.32497527156607536, 0.3953843211097091, 0.412479621208223, 0.25294560619692463]"
destabilizing_treatment_2,pc2,0.2307274934907837,0.11565663075305083,-0.09039875048227776,-72.67763141752896,50,91.42793269239004,basinhopping,"[0.0, 1.0, 2.0, 3.0, 4.0, 5.0, 6.0, 7.0, 8.0, 9.0, 10.0, 11.0, 12.0, 13.0, 14.0, 15.0, 16.0, 17.0, 18.0, 19.0, 20.0, 21.0, 22.0, 23.0, 24.0, 25.0, 26.0, 27.0, 28.0, 29.0, 30.0, 31.0, 32.0, 33.0, 34.0, 35.0, 36.0, 37.0, 38.0, 39.0, 40.0, 41.0, 42.0, 43.0, 44.0, 45.0, 46.0, 47.0, 48.0, 49.0]","['destabilizing_treatment', 'destabilizing_treatment', 'destabilizing_treatment', 'destabilizing_treatment', 'destabilizing_treatment', 'destabilizing_treatment', 'destabilizing_treatment', 'destabilizing_treatment', 'destabilizing_treatment', 'destabilizing_treatment', 'destabilizing_treatment', 'destabilizing_treatment', 'destabilizing_treatment', 'destabilizing_treatment', 'destabilizing_treatment', 'destabilizing_treatment', 'destabilizing_treatment', 'destabilizing_treatment', 'destabilizing_treatment', 'destabilizing_treatment', 'destabilizing_treatment', 'destabilizing_treatment', 'destabilizing_treatment', 'destabilizing_treatment', 'destabilizing_treatment', 'destabilizing_treatment', 'destabilizing_treatment', 'destabilizing_treatment', 'destabilizing_treatment', 'destabilizing_treatment', 'destabilizing_treatment', 'destabilizing_treatment', 'destabilizing_treatment', 'destabilizing_treatment', 'destabilizing_treatment', 'destabilizing_treatment', 'destabilizing_treatment', 'destabilizing_treatment', 'destabilizing_treatment', 'destabilizing_treatment', 'destabilizing_treatment', 'destabilizing_treatment', 'destabilizing_treatment', 'destabilizing_treatment', 'destabilizing_treatment', 'destabilizing_treatment', 'destabilizing_treatment', 'destabilizing_treatment', 'destabilizing_treatment', 'destabilizing_treatment']","[0.008811631616764088, 0.006480650486289832, 0.07904705897821675, 0.033577942895552465, 0.05227170097250435, 0.13588843583953913, 0.1418439410744992, 0.18053621759215166, 0.1705504627627255, 0.1306757370725685, 0.060306199693488174, 0.10962718274995324, 0.026455434503535616, -0.06728711580760431, -0.11163998534179784, -0.0973958238323236, -0.14555938011131658, -0.12239713288794046, -0.0300827344709136, -0.01919546503839912, -0.0011310758318312068, -0.011170446542725209, -0.04298020117597248, 0.03254609472998954, -0.05829538377639168, -0.04442139554122196, -0.11007822542797678, -0.05269292749090032, -0.07029780781704825, -0.20198790544360987, -0.16885775444783158, -0.12608708527398024, -0.10219098659588843, -0.15885246030586936, -0.20453791094552634, -0.23321821157668818, -0.30205399130943716, -0.2920731229313474, -0.2748704412287608, -0.1943310093634766, -0.1733598208022891, -0.16093511566101087, -0.24320952466477427, -0.1474091883186249, -0.1648041641840335, -0.1163186271028448, -0.17834257813769355, -0.08222288525463894, -0.036091349760987164, -0.02906945632766026]"
destabilizing_treatment_2,pc3,0.2307764164022407,0.03152862430502146,0.2655766906143056,-72.65611318478241,50,91.4285249356564,basinhopping,"[0.0, 1.0, 2.0, 3.0, 4.0, 5.0, 6.0, 7.0, 8.0, 9.0, 10.0, 11.0, 12.0, 13.0, 14.0, 15.0, 16.0, 17.0, 18.0, 19.0, 20.0, 21.0, 22.0, 23.0, 24.0, 25.0, 26.0, 27.0, 28.0, 29.0, 30.0, 31.0, 32.0, 33.0, 34.0, 35.0, 36.0, 37.0, 38.0, 39.0, 40.0, 41.0, 42.0, 43.0, 44.0, 45.0, 46.0, 47.0, 48.0, 49.0]","['destabilizing_treatment', 'destabilizing_treatment', 'destabilizing_treatment', 'destabilizing_treatment', 'destabilizing_treatment', 'destabilizing_treatment', 'destabilizing_treatment', 'destabilizing_treatment', 'destabilizing_treatment', 'destabilizing_treatment', 'destabilizing_treatment', 'destabilizing_treatment', 'destabilizing_treatment', 'destabilizing_treatment', 'destabilizing_treatment', 'destabilizing_treatment', 'destabilizing_treatment', 'destabilizing_treatment', 'destabilizing_treatment', 'destabilizing_treatment', 'destabilizing_treatment', 'destabilizing_treatment', 'destabilizing_treatment', 'destabilizing_treatment', 'destabilizing_treatment', 'destabilizing_treatment', 'destabilizing_treatment', 'destabilizing_treatment', 'destabilizing_treatment', 'destabilizing_treatment', 'destabilizing_treatment', 'destabilizing_treatment', 'destabilizing_treatment', 'destabilizing_treatment', 'destabilizing_treatment', 'destabilizing_treatment', 'destabilizing_treatment', 'destabilizing_treatment', 'destabilizing_treatment', 'destabilizing_treatment', 'destabilizing_treatment', 'destabilizing_treatment', 'destabilizing_treatment', 'destabilizing_treatment', 'destabilizing_treatment', 'destabilizing_treatment', 'destabilizing_treatment', 'destabilizing_treatment', 'destabilizing_treatment', 'destabilizing_treatment']","[0.00831078023686833, 0.039986658598097954, 0.030446567230550864, 0.03432142056647139, 0.018085031150788685, 0.09299757239564152, 0.121795166184957, 0.15347938486519014, 0.10698851599471562, 0.04630830511509766, -0.021781991999161435, -0.09277268497954193, -0.0856700253674886, -0.09152077842486901, -0.1065609516132816, -0.09120284377943479, -0.14049855342910703, -0.26579433007783604, -0.21343666021327165, -0.14556285740655273, -0.1282524231566013, -0.2141905001480557, -0.1874487174032642, -0.11328236816617045, -0.10806228257568348, 0.02776469569159204, 0.009350470076091261, 0.03891186985392776, 0.07915058296529585, 0.02866932076210385, 0.045416630434712356, 0.051952708285748585, 0.13981430570673015, 0.09538767897207309, 0.20490810488964267, 0.19942385148302952, 0.16404873231943168, 0.21308452920766285, 0.2592170879243358, 0.2706481826862664, 0.3429043381540821, 0.30752625884391543, 0.41110207429597034, 0.3747294214369929, 0.37698844814111965, 0.33917086635757465, 0.3709376012531491, 0.35125769965243125, 0.31956019965431814, 0.286274139635841]"
